name,info,price,img1,link1
瑾&D297-1,文艺简约 中跟全皮单鞋 ,148,http://z.go2.cn/product/okeqooc.html?form=Search,http://www.go2.cn//go2.i.ximgs.net/9/47869/20200529/20200529337153036_450.jpg
夏定定&D-755,现货，里外全皮，羊皮鞋垫，玛丽珍平底单鞋,145,http://z.go2.cn/product/okicmes.html?form=Search,http://www.go2.cn//go2.i.ximgs.net/1/170471/20200614/20200614155959239202006141559592395_450.jpg
摩卡&285,超软单鞋   现货,138,http://z.go2.cn/product/okkgoko.html?form=Search,http://www.go2.cn//go2.i.ximgs.net/2/565662/20200703/20200703850937011_450.jpg
美足缘真皮&829-1,韩版休闲单鞋,180,http://z.go2.cn/product/qmmqaeo.html?form=Search,http://www.go2.cn//go2.i.ximgs.net/9/25859/20200709/20200709685387061_450.jpg
靓派&D01,2020秋季新款粗跟单鞋欧美复古百搭舒适工作鞋,155,http://z.go2.cn/product/okecgog.html?form=Search,http://www.go2.cn//go2.i.ximgs.net/1/539851/20200612/20200612083901096_450.jpg
靓派&D16-1,2020年秋季新款单鞋粗跟欧美百搭复古真皮女鞋,145,http://z.go2.cn/product/okkasgk.html?form=Search,http://www.go2.cn//go2.i.ximgs.net/1/539851/20200704/20200704429824068_450.jpg
缪丑丑&C79,现货充足！法式复古女鞋 小香风铆钉低跟单鞋女,150,http://z.go2.cn/product/oksqame.html?form=Search,http://www.go2.cn//go2.i.ximgs.net/0/621760/20200622/20200622915086008_450.jpg
靓派&D11,2020秋季高跟单鞋粗跟防水台欧美复古真皮 女鞋,160,http://z.go2.cn/product/okigcsm.html?form=Search,http://www.go2.cn//go2.i.ximgs.net/1/539851/20200612/20200612673694068_450.jpg
岷欣&1221,现货现货现货，牛漆皮，系带深口单鞋,168,http://z.go2.cn/product/okseqei.html?form=Search,http://www.go2.cn//go2.i.ximgs.net/3/526243/20200627/20200627124832053_450.jpg
弘源&H2188,欧美 单鞋,165,http://z.go2.cn/product/okkcgim.html?form=Search,http://www.go2.cn//go2.i.ximgs.net/3/113413/20200704/20200704204006806202007042040068064_450.png
雨田&106,浅口单鞋,150,http://z.go2.cn/product/okkqoki.html?form=Search,http://www.go2.cn//go2.i.ximgs.net/5/107025/20200702/20200702151501426202007021515014266_450.jpg
岷欣&1213,现货上新！粗跟花皮单鞋,148,http://z.go2.cn/product/oksisoq.html?form=Search,http://www.go2.cn//go2.i.ximgs.net/3/526243/20211228/20211228040684027_450.jpg
熙媚尔&A1988,2020 新款头层牛皮，尖头高跟，花边水钻，蝴蝶结，深口单鞋，时装鞋，猪皮鞋垫尺码32-48，现货，主推优惠一步到位,158,http://z.go2.cn/product/oksiiig.html?form=Search,http://www.go2.cn//go2.i.ximgs.net/0/31190/20200628/20200628721090007_450.jpg
靓派&D18,2020年秋季 新款 粗跟 欧美 百搭复古真皮单鞋,145,http://z.go2.cn/product/oksoica.html?form=Search,http://www.go2.cn//go2.i.ximgs.net/1/539851/20200621/20200621318029055_450.jpg
靓派&D09,2020秋季粗跟单鞋欧美复古风 时尚款 百搭,155,http://z.go2.cn/product/okigsai.html?form=Search,http://www.go2.cn//go2.i.ximgs.net/1/539851/20200612/20200612847429070_450.jpg
靓派&D12,2020秋季新款高跟单鞋粗跟防水台欧美 复古真皮女鞋,160,http://z.go2.cn/product/okigcso.html?form=Search,http://www.go2.cn//go2.i.ximgs.net/1/539851/20200612/20200612441605070_450.jpg
美蒂&3006,欧美时尚同款 2020春秋新款系带真皮粗跟深口单鞋女高跟尖头时尚铁头单鞋女,155,http://z.go2.cn/product/okscggs.html?form=Search,http://www.go2.cn//go2.i.ximgs.net/3/118903/20200626/20200626532543072_450.jpg
摩卡&311,经典复古风单鞋 软,145,http://z.go2.cn/product/okimiqg.html?form=Search,http://www.go2.cn//go2.i.ximgs.net/2/565662/20200608/20200608388286015_450.jpg
美丽佳&A238,里外全皮 常年不下架~基础款通勤名媛风单鞋！,140,http://z.go2.cn/product/okesgok.html?form=Search,http://www.go2.cn//go2.i.ximgs.net/3/127953/20200606/20200606764422084_450.jpg
麦田&M5212,2020秋季新款 必火珍珠单鞋 赫本风 尖头小粗 红色婚鞋,138,http://z.go2.cn/product/okimoas.html?form=Search,http://www.go2.cn//go2.i.ximgs.net/3/400273/20200608/20200608886804074_450.jpg
醉美鞋业&YZ-88015,镂空网纱厚底乐福鞋一脚蹬乐福鞋,158,http://z.go2.cn/product/okqqige.html?form=Search,http://www.go2.cn//go2.i.ximgs.net/8/13818/20200425/20200425048593001_450.jpg
北邪&903,复古玛丽珍单鞋  里外全皮   2020秋新款,138,http://z.go2.cn/product/okiaomk.html?form=Search,http://www.go2.cn//go2.i.ximgs.net/5/523025/20200614/20200614210458852202006142104588525_450.jpg
艾家&AJ908,真皮单鞋 已备货 已测图 转化高 工厂直发 ,130,http://z.go2.cn/product/okciaoc.html?form=Search,http://www.go2.cn//go2.i.ximgs.net/7/17467/20200525/20200525034105022_450.jpg
牛X&X289,鞋底巨软  主推   单鞋拖鞋两穿  平跟 欧美 懒人鞋 ,148,http://z.go2.cn/product/okkosqc.html?form=Search,http://www.go2.cn//go2.i.ximgs.net/6/402966/20200702/20200702669719060_450.jpg
遇见&F202,复古玛丽珍单鞋 舒适百搭,145,http://z.go2.cn/product/qmmecqi.html?form=Search,http://www.go2.cn//go2.i.ximgs.net/1/603481/20200712/20200712548007067_450.jpg
靓派&D10,2020秋季粗跟欧美复古真皮 单鞋,155,http://z.go2.cn/product/okigcik.html?form=Search,http://www.go2.cn//go2.i.ximgs.net/1/539851/20200612/20200612268076067_450.jpg
美丽佳&A239,款已测 放心卖 ~~常年款  不下架 里外全皮复古单鞋,140,http://z.go2.cn/product/okisiqi.html?form=Search,http://www.go2.cn//go2.i.ximgs.net/3/127953/20200618/20200618790566003_450.jpg
美丽佳&A235,常年基础款  两种跟高 永不下架  里外全皮粗跟尖头单鞋！,140,http://z.go2.cn/product/okcaqck.html?form=Search,http://www.go2.cn//go2.i.ximgs.net/3/127953/20200521/20200521865963082_450.jpg
靓派&D14,2020年秋季新款 高跟 粗跟 防水台 欧美 复古 羊皮单鞋,160,http://z.go2.cn/product/oksoicq.html?form=Search,http://www.go2.cn//go2.i.ximgs.net/1/539851/20200621/20200621096652064_450.jpg
艾家&AJ625-1,珍珠 单鞋 数据已测现货！现货！,135,http://z.go2.cn/product/okiqeim.html?form=Search,http://www.go2.cn//go2.i.ximgs.net/7/17467/20200611/20200611463607021_450.jpg
瑾&D297-1,文艺简约 中跟全皮单鞋 ,148,http://z.go2.cn/product/okeqooc.html?form=Search,http://www.go2.cn//go2.i.ximgs.net/9/47869/20200529/20200529337153036_450.jpg
艾薇琳&A159-13,简约百搭单鞋,145,http://z.go2.cn/product/okkicoo.html?form=Search,http://www.go2.cn//go2.i.ximgs.net/6/131866/20200706/20200706514214044_450.jpg
喵小姐&zp1999,平底单鞋 软底单鞋 软皮单鞋 网红单鞋 方头单鞋,138,http://z.go2.cn/product/okscosa.html?form=Search,http://www.go2.cn//go2.i.ximgs.net/5/401245/20200625/202006252144571042020062521445710412_450.jpg
美蒂&3011, 内外真皮！ 同款方头高跟鞋女粗跟2020春季新款英伦风两穿真皮百搭浅口中跟单鞋女鞋子,149,http://z.go2.cn/product/oksikqg.html?form=Search,http://www.go2.cn//go2.i.ximgs.net/3/118903/20200628/20200628547864072_450.jpg
靓派&D19,2020年秋季新款单鞋高跟粗跟防水台欧美复古百搭真皮女鞋,160,http://z.go2.cn/product/oksoicc.html?form=Search,http://www.go2.cn//go2.i.ximgs.net/1/539851/20200621/20200621778420059_450.jpg
欧漫俪&3203-3,在售新款玛丽珍单鞋，现货，放心推广,148,http://z.go2.cn/product/okkesem.html?form=Search,http://www.go2.cn//go2.i.ximgs.net/0/37720/20200705/20200705475040085_450.jpg
美蒂&3009,内外真皮！ 英伦风真皮小皮鞋女2020新款马衔扣真厚底双色可选，百搭阿希哥同款小蜜蜂乐福鞋,149,http://z.go2.cn/product/oksggkq.html?form=Search,http://www.go2.cn//go2.i.ximgs.net/3/118903/20200623/20200623035693106_450.jpg
靓派&D15,2020年秋季新款单鞋 粗跟 欧美 百搭 复古 真皮女鞋,155,http://z.go2.cn/product/oksoice.html?form=Search,http://www.go2.cn//go2.i.ximgs.net/1/539851/20200621/20200621375959056_450.jpg
约伯记&FM-K663,现货 真皮平底女鞋休闲运动网鞋小白鞋板鞋单鞋,115,http://z.go2.cn/product/okosmka.html?form=Search,http://www.go2.cn//go2.i.ximgs.net/1/66171/20200423/20200423000257462202004230002574620_450.png
BOBO&7500A,现货！厚底马毛圆点松糕乐福鞋,158,http://z.go2.cn/product/qmmqeke.html?form=Search,http://www.go2.cn//go2.i.ximgs.net/9/42349/20200709/20200709478199101_450.jpg
黑桃K&K196-5,玛丽珍复古单鞋现货,138,http://z.go2.cn/product/qmmsmkm.html?form=Search,http://www.go2.cn//go2.i.ximgs.net/1/471541/20200714/20200714690627022_450.jpg
夏定定&D-755,现货，里外全皮，羊皮鞋垫，玛丽珍平底单鞋,145,http://z.go2.cn/product/okicmes.html?form=Search,http://www.go2.cn//go2.i.ximgs.net/1/170471/20200614/20200614155959239202006141559592395_450.jpg
摩卡&285,超软单鞋   现货,138,http://z.go2.cn/product/okkgoko.html?form=Search,http://www.go2.cn//go2.i.ximgs.net/2/565662/20200703/20200703850937011_450.jpg
美足缘真皮&829-1,韩版休闲单鞋,180,http://z.go2.cn/product/qmmqaeo.html?form=Search,http://www.go2.cn//go2.i.ximgs.net/9/25859/20200709/20200709685387061_450.jpg
靓派&D01,2020秋季新款粗跟单鞋欧美复古百搭舒适工作鞋,155,http://z.go2.cn/product/okecgog.html?form=Search,http://www.go2.cn//go2.i.ximgs.net/1/539851/20200612/20200612083901096_450.jpg
靓派&D16-1,2020年秋季新款单鞋粗跟欧美百搭复古真皮女鞋,145,http://z.go2.cn/product/okkasgk.html?form=Search,http://www.go2.cn//go2.i.ximgs.net/1/539851/20200704/20200704429824068_450.jpg
缪丑丑&C79,现货充足！法式复古女鞋 小香风铆钉低跟单鞋女,150,http://z.go2.cn/product/oksqame.html?form=Search,http://www.go2.cn//go2.i.ximgs.net/0/621760/20200622/20200622915086008_450.jpg
靓派&D11,2020秋季高跟单鞋粗跟防水台欧美复古真皮 女鞋,160,http://z.go2.cn/product/okigcsm.html?form=Search,http://www.go2.cn//go2.i.ximgs.net/1/539851/20200612/20200612673694068_450.jpg
岷欣&1221,现货现货现货，牛漆皮，系带深口单鞋,168,http://z.go2.cn/product/okseqei.html?form=Search,http://www.go2.cn//go2.i.ximgs.net/3/526243/20200627/20200627124832053_450.jpg
弘源&H2188,欧美 单鞋,165,http://z.go2.cn/product/okkcgim.html?form=Search,http://www.go2.cn//go2.i.ximgs.net/3/113413/20200704/20200704204006806202007042040068064_450.png
雨田&106,浅口单鞋,150,http://z.go2.cn/product/okkqoki.html?form=Search,http://www.go2.cn//go2.i.ximgs.net/5/107025/20200702/20200702151501426202007021515014266_450.jpg
岷欣&1213,现货上新！粗跟花皮单鞋,148,http://z.go2.cn/product/oksisoq.html?form=Search,http://www.go2.cn//go2.i.ximgs.net/3/526243/20211228/20211228040684027_450.jpg
瑾&D297-1,文艺简约 中跟全皮单鞋 ,148,http://z.go2.cn/product/okeqooc.html?form=Search,http://www.go2.cn//go2.i.ximgs.net/9/47869/20200529/20200529337153036_450.jpg
瑾&D297-1,文艺简约 中跟全皮单鞋 ,148,http://z.go2.cn/product/okeqooc.html?form=Search,http://www.go2.cn//go2.i.ximgs.net/9/47869/20200529/20200529337153036_450.jpg
王巢&M8553,现货 里外全皮  全软玛丽珍 ,145,http://z.go2.cn/product/okssgke.html?form=Search,http://www.go2.cn//go2.i.ximgs.net/4/87724/20200629/20200629196131092_450.jpg
摩卡&290,简约百搭单鞋,138,http://z.go2.cn/product/okiggkm.html?form=Search,http://www.go2.cn//go2.i.ximgs.net/2/565662/20200612/20200612782548004_450.jpg
金利达&506,新款深口单鞋2020春秋夹头高跟羊反皮水钻女鞋,155,http://z.go2.cn/product/oksgcco.html?form=Search,http://www.go2.cn//go2.i.ximgs.net/2/201002/20200623/20200623132831007_450.jpg
金利达&502,深口踝靴单鞋2020春秋新款尖头中跟单鞋,155,http://z.go2.cn/product/oksgcaq.html?form=Search,http://www.go2.cn//go2.i.ximgs.net/2/201002/20200623/20200623670283009_450.jpg
大眼睛&L4689,2020秋季新款 百搭 时尚 单鞋 现货,148,http://z.go2.cn/product/okioiok.html?form=Search,http://www.go2.cn//go2.i.ximgs.net/4/598154/20200609/20200609798433033_450.jpg
夏定定&DW-1010,巨软！现货，里外全皮，羊皮鞋垫，方头乐福鞋,140,http://z.go2.cn/product/okicoks.html?form=Search,http://www.go2.cn//go2.i.ximgs.net/1/170471/20200614/20200614182141295202006141821412954_450.jpg
韩元素&9-888,气质百搭款 坡跟单鞋工作鞋,125,http://z.go2.cn/product/oksiccg.html?form=Search,http://www.go2.cn//go2.i.ximgs.net/9/79209/20200628/20200628273567089_450.jpg
王巢&M8539,现货 里外全皮 方头粗跟珍珠单鞋,140,http://z.go2.cn/product/oksigqk.html?form=Search,http://www.go2.cn//go2.i.ximgs.net/4/87724/20200627/20200627962774058_450.jpg
香美妮&m10,2020RV秋季新款方头方扣漆皮包跟单鞋女粗跟高跟鞋漆面方扣中跟工作鞋,145,http://z.go2.cn/product/oksmeoc.html?form=Search,http://www.go2.cn//go2.i.ximgs.net/6/539936/20200802/20200802183621751202008021836217513_450.jpg
黑桃K&K12-1,珍珠单鞋 现货,138,http://z.go2.cn/product/qmmsmko.html?form=Search,http://www.go2.cn//go2.i.ximgs.net/1/471541/20200714/20200714443407039_450.jpg
华锐&A789,新款通勤穆勒头层牛皮时尚休闲单鞋，柔软轻便走路不累脚,125,http://z.go2.cn/product/oksqmsm.html?form=Search,http://www.go2.cn//go2.i.ximgs.net/4/11004/20200622/20200622055628058_450.jpg
艾家&AJ755,全皮单鞋 现货！ 现货！现货！,139,http://z.go2.cn/product/okiccim.html?form=Search,http://www.go2.cn//go2.i.ximgs.net/7/17467/20200615/20200615841022008_450.jpg
熙媚尔&A1988,2020 新款头层牛皮，尖头高跟，花边水钻，蝴蝶结，深口单鞋，时装鞋，猪皮鞋垫尺码32-48，现货，主推优惠一步到位,158,http://z.go2.cn/product/oksiiig.html?form=Search,http://www.go2.cn//go2.i.ximgs.net/0/31190/20200628/20200628721090007_450.jpg
靓派&D18,2020年秋季 新款 粗跟 欧美 百搭复古真皮单鞋,145,http://z.go2.cn/product/oksoica.html?form=Search,http://www.go2.cn//go2.i.ximgs.net/1/539851/20200621/20200621318029055_450.jpg
靓派&D09,2020秋季粗跟单鞋欧美复古风 时尚款 百搭,155,http://z.go2.cn/product/okigsai.html?form=Search,http://www.go2.cn//go2.i.ximgs.net/1/539851/20200612/20200612847429070_450.jpg
靓派&D12,2020秋季新款高跟单鞋粗跟防水台欧美 复古真皮女鞋,160,http://z.go2.cn/product/okigcso.html?form=Search,http://www.go2.cn//go2.i.ximgs.net/1/539851/20200612/20200612441605070_450.jpg
美蒂&3006,欧美时尚同款 2020春秋新款系带真皮粗跟深口单鞋女高跟尖头时尚铁头单鞋女,155,http://z.go2.cn/product/okscggs.html?form=Search,http://www.go2.cn//go2.i.ximgs.net/3/118903/20200626/20200626532543072_450.jpg
摩卡&311,经典复古风单鞋 软,145,http://z.go2.cn/product/okimiqg.html?form=Search,http://www.go2.cn//go2.i.ximgs.net/2/565662/20200608/20200608388286015_450.jpg
美丽佳&A238,里外全皮 常年不下架~基础款通勤名媛风单鞋！,140,http://z.go2.cn/product/okesgok.html?form=Search,http://www.go2.cn//go2.i.ximgs.net/3/127953/20200606/20200606764422084_450.jpg
麦田&M5212,2020秋季新款 必火珍珠单鞋 赫本风 尖头小粗 红色婚鞋,138,http://z.go2.cn/product/okimoas.html?form=Search,http://www.go2.cn//go2.i.ximgs.net/3/400273/20200608/20200608886804074_450.jpg
醉美鞋业&YZ-88015,镂空网纱厚底乐福鞋一脚蹬乐福鞋,158,http://z.go2.cn/product/okqqige.html?form=Search,http://www.go2.cn//go2.i.ximgs.net/8/13818/20200425/20200425048593001_450.jpg
北邪&903,复古玛丽珍单鞋  里外全皮   2020秋新款,138,http://z.go2.cn/product/okiaomk.html?form=Search,http://www.go2.cn//go2.i.ximgs.net/5/523025/20200614/20200614210458852202006142104588525_450.jpg
艾家&AJ908,真皮单鞋 已备货 已测图 转化高 工厂直发 ,130,http://z.go2.cn/product/okciaoc.html?form=Search,http://www.go2.cn//go2.i.ximgs.net/7/17467/20200525/20200525034105022_450.jpg
牛X&X289,鞋底巨软  主推   单鞋拖鞋两穿  平跟 欧美 懒人鞋 ,148,http://z.go2.cn/product/okkosqc.html?form=Search,http://www.go2.cn//go2.i.ximgs.net/6/402966/20200702/20200702669719060_450.jpg
遇见&F202,复古玛丽珍单鞋 舒适百搭,145,http://z.go2.cn/product/qmmecqi.html?form=Search,http://www.go2.cn//go2.i.ximgs.net/1/603481/20200712/20200712548007067_450.jpg
靓派&D10,2020秋季粗跟欧美复古真皮 单鞋,155,http://z.go2.cn/product/okigcik.html?form=Search,http://www.go2.cn//go2.i.ximgs.net/1/539851/20200612/20200612268076067_450.jpg
美丽佳&A239,款已测 放心卖 ~~常年款  不下架 里外全皮复古单鞋,140,http://z.go2.cn/product/okisiqi.html?form=Search,http://www.go2.cn//go2.i.ximgs.net/3/127953/20200618/20200618790566003_450.jpg
美丽佳&A235,常年基础款  两种跟高 永不下架  里外全皮粗跟尖头单鞋！,140,http://z.go2.cn/product/okcaqck.html?form=Search,http://www.go2.cn//go2.i.ximgs.net/3/127953/20200521/20200521865963082_450.jpg
夏定定&D-755,现货，里外全皮，羊皮鞋垫，玛丽珍平底单鞋,145,http://z.go2.cn/product/okicmes.html?form=Search,http://www.go2.cn//go2.i.ximgs.net/1/170471/20200614/20200614155959239202006141559592395_450.jpg
摩卡&285,超软单鞋   现货,138,http://z.go2.cn/product/okkgoko.html?form=Search,http://www.go2.cn//go2.i.ximgs.net/2/565662/20200703/20200703850937011_450.jpg
美足缘真皮&829-1,韩版休闲单鞋,180,http://z.go2.cn/product/qmmqaeo.html?form=Search,http://www.go2.cn//go2.i.ximgs.net/9/25859/20200709/20200709685387061_450.jpg
靓派&D01,2020秋季新款粗跟单鞋欧美复古百搭舒适工作鞋,155,http://z.go2.cn/product/okecgog.html?form=Search,http://www.go2.cn//go2.i.ximgs.net/1/539851/20200612/20200612083901096_450.jpg
靓派&D16-1,2020年秋季新款单鞋粗跟欧美百搭复古真皮女鞋,145,http://z.go2.cn/product/okkasgk.html?form=Search,http://www.go2.cn//go2.i.ximgs.net/1/539851/20200704/20200704429824068_450.jpg
缪丑丑&C79,现货充足！法式复古女鞋 小香风铆钉低跟单鞋女,150,http://z.go2.cn/product/oksqame.html?form=Search,http://www.go2.cn//go2.i.ximgs.net/0/621760/20200622/20200622915086008_450.jpg
靓派&D11,2020秋季高跟单鞋粗跟防水台欧美复古真皮 女鞋,160,http://z.go2.cn/product/okigcsm.html?form=Search,http://www.go2.cn//go2.i.ximgs.net/1/539851/20200612/20200612673694068_450.jpg
岷欣&1221,现货现货现货，牛漆皮，系带深口单鞋,168,http://z.go2.cn/product/okseqei.html?form=Search,http://www.go2.cn//go2.i.ximgs.net/3/526243/20200627/20200627124832053_450.jpg
弘源&H2188,欧美 单鞋,165,http://z.go2.cn/product/okkcgim.html?form=Search,http://www.go2.cn//go2.i.ximgs.net/3/113413/20200704/20200704204006806202007042040068064_450.png
雨田&106,浅口单鞋,150,http://z.go2.cn/product/okkqoki.html?form=Search,http://www.go2.cn//go2.i.ximgs.net/5/107025/20200702/20200702151501426202007021515014266_450.jpg
夏定定&D-755,现货，里外全皮，羊皮鞋垫，玛丽珍平底单鞋,145,http://z.go2.cn/product/okicmes.html?form=Search,http://www.go2.cn//go2.i.ximgs.net/1/170471/20200614/20200614155959239202006141559592395_450.jpg
摩卡&285,超软单鞋   现货,138,http://z.go2.cn/product/okkgoko.html?form=Search,http://www.go2.cn//go2.i.ximgs.net/2/565662/20200703/20200703850937011_450.jpg
美足缘真皮&829-1,韩版休闲单鞋,180,http://z.go2.cn/product/qmmqaeo.html?form=Search,http://www.go2.cn//go2.i.ximgs.net/9/25859/20200709/20200709685387061_450.jpg
靓派&D01,2020秋季新款粗跟单鞋欧美复古百搭舒适工作鞋,155,http://z.go2.cn/product/okecgog.html?form=Search,http://www.go2.cn//go2.i.ximgs.net/1/539851/20200612/20200612083901096_450.jpg
靓派&D16-1,2020年秋季新款单鞋粗跟欧美百搭复古真皮女鞋,145,http://z.go2.cn/product/okkasgk.html?form=Search,http://www.go2.cn//go2.i.ximgs.net/1/539851/20200704/20200704429824068_450.jpg
缪丑丑&C79,现货充足！法式复古女鞋 小香风铆钉低跟单鞋女,150,http://z.go2.cn/product/oksqame.html?form=Search,http://www.go2.cn//go2.i.ximgs.net/0/621760/20200622/20200622915086008_450.jpg
靓派&D11,2020秋季高跟单鞋粗跟防水台欧美复古真皮 女鞋,160,http://z.go2.cn/product/okigcsm.html?form=Search,http://www.go2.cn//go2.i.ximgs.net/1/539851/20200612/20200612673694068_450.jpg
岷欣&1221,现货现货现货，牛漆皮，系带深口单鞋,168,http://z.go2.cn/product/okseqei.html?form=Search,http://www.go2.cn//go2.i.ximgs.net/3/526243/20200627/20200627124832053_450.jpg
弘源&H2188,欧美 单鞋,165,http://z.go2.cn/product/okkcgim.html?form=Search,http://www.go2.cn//go2.i.ximgs.net/3/113413/20200704/20200704204006806202007042040068064_450.png
雨田&106,浅口单鞋,150,http://z.go2.cn/product/okkqoki.html?form=Search,http://www.go2.cn//go2.i.ximgs.net/5/107025/20200702/20200702151501426202007021515014266_450.jpg
岷欣&1213,现货上新！粗跟花皮单鞋,148,http://z.go2.cn/product/oksisoq.html?form=Search,http://www.go2.cn//go2.i.ximgs.net/3/526243/20211228/20211228040684027_450.jpg
熙媚尔&A1988,2020 新款头层牛皮，尖头高跟，花边水钻，蝴蝶结，深口单鞋，时装鞋，猪皮鞋垫尺码32-48，现货，主推优惠一步到位,158,http://z.go2.cn/product/oksiiig.html?form=Search,http://www.go2.cn//go2.i.ximgs.net/0/31190/20200628/20200628721090007_450.jpg
靓派&D18,2020年秋季 新款 粗跟 欧美 百搭复古真皮单鞋,145,http://z.go2.cn/product/oksoica.html?form=Search,http://www.go2.cn//go2.i.ximgs.net/1/539851/20200621/20200621318029055_450.jpg
靓派&D09,2020秋季粗跟单鞋欧美复古风 时尚款 百搭,155,http://z.go2.cn/product/okigsai.html?form=Search,http://www.go2.cn//go2.i.ximgs.net/1/539851/20200612/20200612847429070_450.jpg
靓派&D12,2020秋季新款高跟单鞋粗跟防水台欧美 复古真皮女鞋,160,http://z.go2.cn/product/okigcso.html?form=Search,http://www.go2.cn//go2.i.ximgs.net/1/539851/20200612/20200612441605070_450.jpg
靓派&D14,2020年秋季新款 高跟 粗跟 防水台 欧美 复古 羊皮单鞋,160,http://z.go2.cn/product/oksoicq.html?form=Search,http://www.go2.cn//go2.i.ximgs.net/1/539851/20200621/20200621096652064_450.jpg
艾家&AJ625-1,珍珠 单鞋 数据已测现货！现货！,135,http://z.go2.cn/product/okiqeim.html?form=Search,http://www.go2.cn//go2.i.ximgs.net/7/17467/20200611/20200611463607021_450.jpg
艾薇琳&A159-13,简约百搭单鞋,145,http://z.go2.cn/product/okkicoo.html?form=Search,http://www.go2.cn//go2.i.ximgs.net/6/131866/20200706/20200706514214044_450.jpg
喵小姐&zp1999,平底单鞋 软底单鞋 软皮单鞋 网红单鞋 方头单鞋,138,http://z.go2.cn/product/okscosa.html?form=Search,http://www.go2.cn//go2.i.ximgs.net/5/401245/20200625/202006252144571042020062521445710412_450.jpg
美蒂&3011, 内外真皮！ 同款方头高跟鞋女粗跟2020春季新款英伦风两穿真皮百搭浅口中跟单鞋女鞋子,149,http://z.go2.cn/product/oksikqg.html?form=Search,http://www.go2.cn//go2.i.ximgs.net/3/118903/20200628/20200628547864072_450.jpg
靓派&D19,2020年秋季新款单鞋高跟粗跟防水台欧美复古百搭真皮女鞋,160,http://z.go2.cn/product/oksoicc.html?form=Search,http://www.go2.cn//go2.i.ximgs.net/1/539851/20200621/20200621778420059_450.jpg
欧漫俪&3203-3,在售新款玛丽珍单鞋，现货，放心推广,148,http://z.go2.cn/product/okkesem.html?form=Search,http://www.go2.cn//go2.i.ximgs.net/0/37720/20200705/20200705475040085_450.jpg
美蒂&3009,内外真皮！ 英伦风真皮小皮鞋女2020新款马衔扣真厚底双色可选，百搭阿希哥同款小蜜蜂乐福鞋,149,http://z.go2.cn/product/oksggkq.html?form=Search,http://www.go2.cn//go2.i.ximgs.net/3/118903/20200623/20200623035693106_450.jpg
靓派&D15,2020年秋季新款单鞋 粗跟 欧美 百搭 复古 真皮女鞋,155,http://z.go2.cn/product/oksoice.html?form=Search,http://www.go2.cn//go2.i.ximgs.net/1/539851/20200621/20200621375959056_450.jpg
约伯记&FM-K663,现货 真皮平底女鞋休闲运动网鞋小白鞋板鞋单鞋,115,http://z.go2.cn/product/okosmka.html?form=Search,http://www.go2.cn//go2.i.ximgs.net/1/66171/20200423/20200423000257462202004230002574620_450.png
BOBO&7500A,现货！厚底马毛圆点松糕乐福鞋,158,http://z.go2.cn/product/qmmqeke.html?form=Search,http://www.go2.cn//go2.i.ximgs.net/9/42349/20200709/20200709478199101_450.jpg
黑桃K&K196-5,玛丽珍复古单鞋现货,138,http://z.go2.cn/product/qmmsmkm.html?form=Search,http://www.go2.cn//go2.i.ximgs.net/1/471541/20200714/20200714690627022_450.jpg
王巢&M8553,现货 里外全皮  全软玛丽珍 ,145,http://z.go2.cn/product/okssgke.html?form=Search,http://www.go2.cn//go2.i.ximgs.net/4/87724/20200629/20200629196131092_450.jpg
摩卡&290,简约百搭单鞋,138,http://z.go2.cn/product/okiggkm.html?form=Search,http://www.go2.cn//go2.i.ximgs.net/2/565662/20200612/20200612782548004_450.jpg
金利达&506,新款深口单鞋2020春秋夹头高跟羊反皮水钻女鞋,155,http://z.go2.cn/product/oksgcco.html?form=Search,http://www.go2.cn//go2.i.ximgs.net/2/201002/20200623/20200623132831007_450.jpg
岷欣&1213,现货上新！粗跟花皮单鞋,148,http://z.go2.cn/product/oksisoq.html?form=Search,http://www.go2.cn//go2.i.ximgs.net/3/526243/20211228/20211228040684027_450.jpg
熙媚尔&A1988,2020 新款头层牛皮，尖头高跟，花边水钻，蝴蝶结，深口单鞋，时装鞋，猪皮鞋垫尺码32-48，现货，主推优惠一步到位,158,http://z.go2.cn/product/oksiiig.html?form=Search,http://www.go2.cn//go2.i.ximgs.net/0/31190/20200628/20200628721090007_450.jpg
靓派&D18,2020年秋季 新款 粗跟 欧美 百搭复古真皮单鞋,145,http://z.go2.cn/product/oksoica.html?form=Search,http://www.go2.cn//go2.i.ximgs.net/1/539851/20200621/20200621318029055_450.jpg
靓派&D09,2020秋季粗跟单鞋欧美复古风 时尚款 百搭,155,http://z.go2.cn/product/okigsai.html?form=Search,http://www.go2.cn//go2.i.ximgs.net/1/539851/20200612/20200612847429070_450.jpg
靓派&D12,2020秋季新款高跟单鞋粗跟防水台欧美 复古真皮女鞋,160,http://z.go2.cn/product/okigcso.html?form=Search,http://www.go2.cn//go2.i.ximgs.net/1/539851/20200612/20200612441605070_450.jpg
美蒂&3006,欧美时尚同款 2020春秋新款系带真皮粗跟深口单鞋女高跟尖头时尚铁头单鞋女,155,http://z.go2.cn/product/okscggs.html?form=Search,http://www.go2.cn//go2.i.ximgs.net/3/118903/20200626/20200626532543072_450.jpg
摩卡&311,经典复古风单鞋 软,145,http://z.go2.cn/product/okimiqg.html?form=Search,http://www.go2.cn//go2.i.ximgs.net/2/565662/20200608/20200608388286015_450.jpg
美丽佳&A238,里外全皮 常年不下架~基础款通勤名媛风单鞋！,140,http://z.go2.cn/product/okesgok.html?form=Search,http://www.go2.cn//go2.i.ximgs.net/3/127953/20200606/20200606764422084_450.jpg
麦田&M5212,2020秋季新款 必火珍珠单鞋 赫本风 尖头小粗 红色婚鞋,138,http://z.go2.cn/product/okimoas.html?form=Search,http://www.go2.cn//go2.i.ximgs.net/3/400273/20200608/20200608886804074_450.jpg
醉美鞋业&YZ-88015,镂空网纱厚底乐福鞋一脚蹬乐福鞋,158,http://z.go2.cn/product/okqqige.html?form=Search,http://www.go2.cn//go2.i.ximgs.net/8/13818/20200425/20200425048593001_450.jpg
北邪&903,复古玛丽珍单鞋  里外全皮   2020秋新款,138,http://z.go2.cn/product/okiaomk.html?form=Search,http://www.go2.cn//go2.i.ximgs.net/5/523025/20200614/20200614210458852202006142104588525_450.jpg
艾家&AJ908,真皮单鞋 已备货 已测图 转化高 工厂直发 ,130,http://z.go2.cn/product/okciaoc.html?form=Search,http://www.go2.cn//go2.i.ximgs.net/7/17467/20200525/20200525034105022_450.jpg
牛X&X289,鞋底巨软  主推   单鞋拖鞋两穿  平跟 欧美 懒人鞋 ,148,http://z.go2.cn/product/okkosqc.html?form=Search,http://www.go2.cn//go2.i.ximgs.net/6/402966/20200702/20200702669719060_450.jpg
美蒂&3006,欧美时尚同款 2020春秋新款系带真皮粗跟深口单鞋女高跟尖头时尚铁头单鞋女,155,http://z.go2.cn/product/okscggs.html?form=Search,http://www.go2.cn//go2.i.ximgs.net/3/118903/20200626/20200626532543072_450.jpg
摩卡&311,经典复古风单鞋 软,145,http://z.go2.cn/product/okimiqg.html?form=Search,http://www.go2.cn//go2.i.ximgs.net/2/565662/20200608/20200608388286015_450.jpg
美丽佳&A238,里外全皮 常年不下架~基础款通勤名媛风单鞋！,140,http://z.go2.cn/product/okesgok.html?form=Search,http://www.go2.cn//go2.i.ximgs.net/3/127953/20200606/20200606764422084_450.jpg
麦田&M5212,2020秋季新款 必火珍珠单鞋 赫本风 尖头小粗 红色婚鞋,138,http://z.go2.cn/product/okimoas.html?form=Search,http://www.go2.cn//go2.i.ximgs.net/3/400273/20200608/20200608886804074_450.jpg
醉美鞋业&YZ-88015,镂空网纱厚底乐福鞋一脚蹬乐福鞋,158,http://z.go2.cn/product/okqqige.html?form=Search,http://www.go2.cn//go2.i.ximgs.net/8/13818/20200425/20200425048593001_450.jpg
北邪&903,复古玛丽珍单鞋  里外全皮   2020秋新款,138,http://z.go2.cn/product/okiaomk.html?form=Search,http://www.go2.cn//go2.i.ximgs.net/5/523025/20200614/20200614210458852202006142104588525_450.jpg
艾家&AJ908,真皮单鞋 已备货 已测图 转化高 工厂直发 ,130,http://z.go2.cn/product/okciaoc.html?form=Search,http://www.go2.cn//go2.i.ximgs.net/7/17467/20200525/20200525034105022_450.jpg
牛X&X289,鞋底巨软  主推   单鞋拖鞋两穿  平跟 欧美 懒人鞋 ,148,http://z.go2.cn/product/okkosqc.html?form=Search,http://www.go2.cn//go2.i.ximgs.net/6/402966/20200702/20200702669719060_450.jpg
遇见&F202,复古玛丽珍单鞋 舒适百搭,145,http://z.go2.cn/product/qmmecqi.html?form=Search,http://www.go2.cn//go2.i.ximgs.net/1/603481/20200712/20200712548007067_450.jpg
靓派&D10,2020秋季粗跟欧美复古真皮 单鞋,155,http://z.go2.cn/product/okigcik.html?form=Search,http://www.go2.cn//go2.i.ximgs.net/1/539851/20200612/20200612268076067_450.jpg
美丽佳&A239,款已测 放心卖 ~~常年款  不下架 里外全皮复古单鞋,140,http://z.go2.cn/product/okisiqi.html?form=Search,http://www.go2.cn//go2.i.ximgs.net/3/127953/20200618/20200618790566003_450.jpg
美丽佳&A235,常年基础款  两种跟高 永不下架  里外全皮粗跟尖头单鞋！,140,http://z.go2.cn/product/okcaqck.html?form=Search,http://www.go2.cn//go2.i.ximgs.net/3/127953/20200521/20200521865963082_450.jpg
靓派&D14,2020年秋季新款 高跟 粗跟 防水台 欧美 复古 羊皮单鞋,160,http://z.go2.cn/product/oksoicq.html?form=Search,http://www.go2.cn//go2.i.ximgs.net/1/539851/20200621/20200621096652064_450.jpg
艾家&AJ625-1,珍珠 单鞋 数据已测现货！现货！,135,http://z.go2.cn/product/okiqeim.html?form=Search,http://www.go2.cn//go2.i.ximgs.net/7/17467/20200611/20200611463607021_450.jpg
艾薇琳&A159-13,简约百搭单鞋,145,http://z.go2.cn/product/okkicoo.html?form=Search,http://www.go2.cn//go2.i.ximgs.net/6/131866/20200706/20200706514214044_450.jpg
喵小姐&zp1999,平底单鞋 软底单鞋 软皮单鞋 网红单鞋 方头单鞋,138,http://z.go2.cn/product/okscosa.html?form=Search,http://www.go2.cn//go2.i.ximgs.net/5/401245/20200625/202006252144571042020062521445710412_450.jpg
美蒂&3011, 内外真皮！ 同款方头高跟鞋女粗跟2020春季新款英伦风两穿真皮百搭浅口中跟单鞋女鞋子,149,http://z.go2.cn/product/oksikqg.html?form=Search,http://www.go2.cn//go2.i.ximgs.net/3/118903/20200628/20200628547864072_450.jpg
金利达&502,深口踝靴单鞋2020春秋新款尖头中跟单鞋,155,http://z.go2.cn/product/oksgcaq.html?form=Search,http://www.go2.cn//go2.i.ximgs.net/2/201002/20200623/20200623670283009_450.jpg
大眼睛&L4689,2020秋季新款 百搭 时尚 单鞋 现货,148,http://z.go2.cn/product/okioiok.html?form=Search,http://www.go2.cn//go2.i.ximgs.net/4/598154/20200609/20200609798433033_450.jpg
夏定定&DW-1010,巨软！现货，里外全皮，羊皮鞋垫，方头乐福鞋,140,http://z.go2.cn/product/okicoks.html?form=Search,http://www.go2.cn//go2.i.ximgs.net/1/170471/20200614/20200614182141295202006141821412954_450.jpg
韩元素&9-888,气质百搭款 坡跟单鞋工作鞋,125,http://z.go2.cn/product/oksiccg.html?form=Search,http://www.go2.cn//go2.i.ximgs.net/9/79209/20200628/20200628273567089_450.jpg
王巢&M8539,现货 里外全皮 方头粗跟珍珠单鞋,140,http://z.go2.cn/product/oksigqk.html?form=Search,http://www.go2.cn//go2.i.ximgs.net/4/87724/20200627/20200627962774058_450.jpg
香美妮&m10,2020RV秋季新款方头方扣漆皮包跟单鞋女粗跟高跟鞋漆面方扣中跟工作鞋,145,http://z.go2.cn/product/oksmeoc.html?form=Search,http://www.go2.cn//go2.i.ximgs.net/6/539936/20200802/20200802183621751202008021836217513_450.jpg
黑桃K&K12-1,珍珠单鞋 现货,138,http://z.go2.cn/product/qmmsmko.html?form=Search,http://www.go2.cn//go2.i.ximgs.net/1/471541/20200714/20200714443407039_450.jpg
遇见&F202,复古玛丽珍单鞋 舒适百搭,145,http://z.go2.cn/product/qmmecqi.html?form=Search,http://www.go2.cn//go2.i.ximgs.net/1/603481/20200712/20200712548007067_450.jpg
靓派&D10,2020秋季粗跟欧美复古真皮 单鞋,155,http://z.go2.cn/product/okigcik.html?form=Search,http://www.go2.cn//go2.i.ximgs.net/1/539851/20200612/20200612268076067_450.jpg
美丽佳&A239,款已测 放心卖 ~~常年款  不下架 里外全皮复古单鞋,140,http://z.go2.cn/product/okisiqi.html?form=Search,http://www.go2.cn//go2.i.ximgs.net/3/127953/20200618/20200618790566003_450.jpg
美丽佳&A235,常年基础款  两种跟高 永不下架  里外全皮粗跟尖头单鞋！,140,http://z.go2.cn/product/okcaqck.html?form=Search,http://www.go2.cn//go2.i.ximgs.net/3/127953/20200521/20200521865963082_450.jpg
靓派&D14,2020年秋季新款 高跟 粗跟 防水台 欧美 复古 羊皮单鞋,160,http://z.go2.cn/product/oksoicq.html?form=Search,http://www.go2.cn//go2.i.ximgs.net/1/539851/20200621/20200621096652064_450.jpg
艾家&AJ625-1,珍珠 单鞋 数据已测现货！现货！,135,http://z.go2.cn/product/okiqeim.html?form=Search,http://www.go2.cn//go2.i.ximgs.net/7/17467/20200611/20200611463607021_450.jpg
艾薇琳&A159-13,简约百搭单鞋,145,http://z.go2.cn/product/okkicoo.html?form=Search,http://www.go2.cn//go2.i.ximgs.net/6/131866/20200706/20200706514214044_450.jpg
喵小姐&zp1999,平底单鞋 软底单鞋 软皮单鞋 网红单鞋 方头单鞋,138,http://z.go2.cn/product/okscosa.html?form=Search,http://www.go2.cn//go2.i.ximgs.net/5/401245/20200625/202006252144571042020062521445710412_450.jpg
美蒂&3011, 内外真皮！ 同款方头高跟鞋女粗跟2020春季新款英伦风两穿真皮百搭浅口中跟单鞋女鞋子,149,http://z.go2.cn/product/oksikqg.html?form=Search,http://www.go2.cn//go2.i.ximgs.net/3/118903/20200628/20200628547864072_450.jpg
靓派&D19,2020年秋季新款单鞋高跟粗跟防水台欧美复古百搭真皮女鞋,160,http://z.go2.cn/product/oksoicc.html?form=Search,http://www.go2.cn//go2.i.ximgs.net/1/539851/20200621/20200621778420059_450.jpg
欧漫俪&3203-3,在售新款玛丽珍单鞋，现货，放心推广,148,http://z.go2.cn/product/okkesem.html?form=Search,http://www.go2.cn//go2.i.ximgs.net/0/37720/20200705/20200705475040085_450.jpg
美蒂&3009,内外真皮！ 英伦风真皮小皮鞋女2020新款马衔扣真厚底双色可选，百搭阿希哥同款小蜜蜂乐福鞋,149,http://z.go2.cn/product/oksggkq.html?form=Search,http://www.go2.cn//go2.i.ximgs.net/3/118903/20200623/20200623035693106_450.jpg
靓派&D15,2020年秋季新款单鞋 粗跟 欧美 百搭 复古 真皮女鞋,155,http://z.go2.cn/product/oksoice.html?form=Search,http://www.go2.cn//go2.i.ximgs.net/1/539851/20200621/20200621375959056_450.jpg
约伯记&FM-K663,现货 真皮平底女鞋休闲运动网鞋小白鞋板鞋单鞋,115,http://z.go2.cn/product/okosmka.html?form=Search,http://www.go2.cn//go2.i.ximgs.net/1/66171/20200423/20200423000257462202004230002574620_450.png
靓派&D19,2020年秋季新款单鞋高跟粗跟防水台欧美复古百搭真皮女鞋,160,http://z.go2.cn/product/oksoicc.html?form=Search,http://www.go2.cn//go2.i.ximgs.net/1/539851/20200621/20200621778420059_450.jpg
欧漫俪&3203-3,在售新款玛丽珍单鞋，现货，放心推广,148,http://z.go2.cn/product/okkesem.html?form=Search,http://www.go2.cn//go2.i.ximgs.net/0/37720/20200705/20200705475040085_450.jpg
美蒂&3009,内外真皮！ 英伦风真皮小皮鞋女2020新款马衔扣真厚底双色可选，百搭阿希哥同款小蜜蜂乐福鞋,149,http://z.go2.cn/product/oksggkq.html?form=Search,http://www.go2.cn//go2.i.ximgs.net/3/118903/20200623/20200623035693106_450.jpg
靓派&D15,2020年秋季新款单鞋 粗跟 欧美 百搭 复古 真皮女鞋,155,http://z.go2.cn/product/oksoice.html?form=Search,http://www.go2.cn//go2.i.ximgs.net/1/539851/20200621/20200621375959056_450.jpg
约伯记&FM-K663,现货 真皮平底女鞋休闲运动网鞋小白鞋板鞋单鞋,115,http://z.go2.cn/product/okosmka.html?form=Search,http://www.go2.cn//go2.i.ximgs.net/1/66171/20200423/20200423000257462202004230002574620_450.png
BOBO&7500A,现货！厚底马毛圆点松糕乐福鞋,158,http://z.go2.cn/product/qmmqeke.html?form=Search,http://www.go2.cn//go2.i.ximgs.net/9/42349/20200709/20200709478199101_450.jpg
黑桃K&K196-5,玛丽珍复古单鞋现货,138,http://z.go2.cn/product/qmmsmkm.html?form=Search,http://www.go2.cn//go2.i.ximgs.net/1/471541/20200714/20200714690627022_450.jpg
王巢&M8553,现货 里外全皮  全软玛丽珍 ,145,http://z.go2.cn/product/okssgke.html?form=Search,http://www.go2.cn//go2.i.ximgs.net/4/87724/20200629/20200629196131092_450.jpg
摩卡&290,简约百搭单鞋,138,http://z.go2.cn/product/okiggkm.html?form=Search,http://www.go2.cn//go2.i.ximgs.net/2/565662/20200612/20200612782548004_450.jpg
金利达&506,新款深口单鞋2020春秋夹头高跟羊反皮水钻女鞋,155,http://z.go2.cn/product/oksgcco.html?form=Search,http://www.go2.cn//go2.i.ximgs.net/2/201002/20200623/20200623132831007_450.jpg
金利达&502,深口踝靴单鞋2020春秋新款尖头中跟单鞋,155,http://z.go2.cn/product/oksgcaq.html?form=Search,http://www.go2.cn//go2.i.ximgs.net/2/201002/20200623/20200623670283009_450.jpg
大眼睛&L4689,2020秋季新款 百搭 时尚 单鞋 现货,148,http://z.go2.cn/product/okioiok.html?form=Search,http://www.go2.cn//go2.i.ximgs.net/4/598154/20200609/20200609798433033_450.jpg
夏定定&DW-1010,巨软！现货，里外全皮，羊皮鞋垫，方头乐福鞋,140,http://z.go2.cn/product/okicoks.html?form=Search,http://www.go2.cn//go2.i.ximgs.net/1/170471/20200614/20200614182141295202006141821412954_450.jpg
韩元素&9-888,气质百搭款 坡跟单鞋工作鞋,125,http://z.go2.cn/product/oksiccg.html?form=Search,http://www.go2.cn//go2.i.ximgs.net/9/79209/20200628/20200628273567089_450.jpg
华锐&A789,新款通勤穆勒头层牛皮时尚休闲单鞋，柔软轻便走路不累脚,125,http://z.go2.cn/product/oksqmsm.html?form=Search,http://www.go2.cn//go2.i.ximgs.net/4/11004/20200622/20200622055628058_450.jpg
艾家&AJ755,全皮单鞋 现货！ 现货！现货！,139,http://z.go2.cn/product/okiccim.html?form=Search,http://www.go2.cn//go2.i.ximgs.net/7/17467/20200615/20200615841022008_450.jpg
BOBO&7500A,现货！厚底马毛圆点松糕乐福鞋,158,http://z.go2.cn/product/qmmqeke.html?form=Search,http://www.go2.cn//go2.i.ximgs.net/9/42349/20200709/20200709478199101_450.jpg
黑桃K&K196-5,玛丽珍复古单鞋现货,138,http://z.go2.cn/product/qmmsmkm.html?form=Search,http://www.go2.cn//go2.i.ximgs.net/1/471541/20200714/20200714690627022_450.jpg
王巢&M8553,现货 里外全皮  全软玛丽珍 ,145,http://z.go2.cn/product/okssgke.html?form=Search,http://www.go2.cn//go2.i.ximgs.net/4/87724/20200629/20200629196131092_450.jpg
摩卡&290,简约百搭单鞋,138,http://z.go2.cn/product/okiggkm.html?form=Search,http://www.go2.cn//go2.i.ximgs.net/2/565662/20200612/20200612782548004_450.jpg
金利达&506,新款深口单鞋2020春秋夹头高跟羊反皮水钻女鞋,155,http://z.go2.cn/product/oksgcco.html?form=Search,http://www.go2.cn//go2.i.ximgs.net/2/201002/20200623/20200623132831007_450.jpg
金利达&502,深口踝靴单鞋2020春秋新款尖头中跟单鞋,155,http://z.go2.cn/product/oksgcaq.html?form=Search,http://www.go2.cn//go2.i.ximgs.net/2/201002/20200623/20200623670283009_450.jpg
大眼睛&L4689,2020秋季新款 百搭 时尚 单鞋 现货,148,http://z.go2.cn/product/okioiok.html?form=Search,http://www.go2.cn//go2.i.ximgs.net/4/598154/20200609/20200609798433033_450.jpg
夏定定&DW-1010,巨软！现货，里外全皮，羊皮鞋垫，方头乐福鞋,140,http://z.go2.cn/product/okicoks.html?form=Search,http://www.go2.cn//go2.i.ximgs.net/1/170471/20200614/20200614182141295202006141821412954_450.jpg
韩元素&9-888,气质百搭款 坡跟单鞋工作鞋,125,http://z.go2.cn/product/oksiccg.html?form=Search,http://www.go2.cn//go2.i.ximgs.net/9/79209/20200628/20200628273567089_450.jpg
王巢&M8539,现货 里外全皮 方头粗跟珍珠单鞋,140,http://z.go2.cn/product/oksigqk.html?form=Search,http://www.go2.cn//go2.i.ximgs.net/4/87724/20200627/20200627962774058_450.jpg
香美妮&m10,2020RV秋季新款方头方扣漆皮包跟单鞋女粗跟高跟鞋漆面方扣中跟工作鞋,145,http://z.go2.cn/product/oksmeoc.html?form=Search,http://www.go2.cn//go2.i.ximgs.net/6/539936/20200802/20200802183621751202008021836217513_450.jpg
黑桃K&K12-1,珍珠单鞋 现货,138,http://z.go2.cn/product/qmmsmko.html?form=Search,http://www.go2.cn//go2.i.ximgs.net/1/471541/20200714/20200714443407039_450.jpg
华锐&A789,新款通勤穆勒头层牛皮时尚休闲单鞋，柔软轻便走路不累脚,125,http://z.go2.cn/product/oksqmsm.html?form=Search,http://www.go2.cn//go2.i.ximgs.net/4/11004/20200622/20200622055628058_450.jpg
艾家&AJ755,全皮单鞋 现货！ 现货！现货！,139,http://z.go2.cn/product/okiccim.html?form=Search,http://www.go2.cn//go2.i.ximgs.net/7/17467/20200615/20200615841022008_450.jpg
王巢&M8539,现货 里外全皮 方头粗跟珍珠单鞋,140,http://z.go2.cn/product/oksigqk.html?form=Search,http://www.go2.cn//go2.i.ximgs.net/4/87724/20200627/20200627962774058_450.jpg
香美妮&m10,2020RV秋季新款方头方扣漆皮包跟单鞋女粗跟高跟鞋漆面方扣中跟工作鞋,145,http://z.go2.cn/product/oksmeoc.html?form=Search,http://www.go2.cn//go2.i.ximgs.net/6/539936/20200802/20200802183621751202008021836217513_450.jpg
黑桃K&K12-1,珍珠单鞋 现货,138,http://z.go2.cn/product/qmmsmko.html?form=Search,http://www.go2.cn//go2.i.ximgs.net/1/471541/20200714/20200714443407039_450.jpg
华锐&A789,新款通勤穆勒头层牛皮时尚休闲单鞋，柔软轻便走路不累脚,125,http://z.go2.cn/product/oksqmsm.html?form=Search,http://www.go2.cn//go2.i.ximgs.net/4/11004/20200622/20200622055628058_450.jpg
艾家&AJ755,全皮单鞋 现货！ 现货！现货！,139,http://z.go2.cn/product/okiccim.html?form=Search,http://www.go2.cn//go2.i.ximgs.net/7/17467/20200615/20200615841022008_450.jpg
